-- MySQL Script generated by MySQL Workbench
-- 11/06/19 22:50:15
-- Model: New Model    Version: 1.0
-- MySQL Workbench Forward Engineering

SET @OLD_UNIQUE_CHECKS=@@UNIQUE_CHECKS, UNIQUE_CHECKS=0;
SET @OLD_FOREIGN_KEY_CHECKS=@@FOREIGN_KEY_CHECKS, FOREIGN_KEY_CHECKS=0;
SET @OLD_SQL_MODE=@@SQL_MODE, SQL_MODE='TRADITIONAL,ALLOW_INVALID_DATES';

-- -----------------------------------------------------
-- Schema myapp
-- -----------------------------------------------------

-- -----------------------------------------------------
-- Schema myapp
-- -----------------------------------------------------
CREATE SCHEMA IF NOT EXISTS `myapp` DEFAULT CHARACTER SET utf8 COLLATE utf8_general_ci ;
USE `myapp` ;

-- -----------------------------------------------------
-- Table `myapp`.`Customer`
-- -----------------------------------------------------
CREATE TABLE IF NOT EXISTS `myapp`.`Customer` (
  `email` VARCHAR(100) NOT NULL,
  `last_updated` TIMESTAMP NOT NULL,
  `first_name` VARCHAR(20) NOT NULL,
  `last_name` VARCHAR(50) NOT NULL,
  `billing_address` VARCHAR(256) NOT NULL,
  `birth_date` DATE NOT NULL,
  `mailing_address` VARCHAR(256) NOT NULL,
  `password` VARCHAR(20) NOT NULL,
  `last_login` DATETIME NOT NULL,
  `date_created` DATETIME NOT NULL,
  `subscribed` TINYINT(1) NOT NULL,
  PRIMARY KEY (`email`))
ENGINE = InnoDB;

ALTER TABLE customer
	ADD CONSTRAINT check_dates CHECK (birth_date < NOW());

-- -----------------------------------------------------
-- Table `myapp`.`Genre`
-- -----------------------------------------------------
CREATE TABLE IF NOT EXISTS `myapp`.`Genre` (
  `genre_id` SMALLINT NOT NULL AUTO_INCREMENT,
  `genre_description` TEXT NULL,
  PRIMARY KEY (`genre_id`))
ENGINE = InnoDB;


-- -----------------------------------------------------
-- Table `myapp`.`Product`
-- -----------------------------------------------------
CREATE TABLE IF NOT EXISTS `myapp`.`Product` (
  `ISBN13` CHAR(14) NOT NULL,
  `title` VARCHAR(256) NOT NULL,
  `type` CHAR(20) NOT NULL,
  `publisher` VARCHAR(256) NOT NULL,
  `release_date` DATE NOT NULL,
  `language` CHAR(20) NOT NULL,
  `description` TEXT NULL,
  `length` INT NOT NULL,
  `rating` INT NULL,
  `no_of_downloads` INT NULL,
  `unit_price` DECIMAL(5,2) NULL,
  `file_size` VARCHAR(10) NULL,
  `author` VARCHAR(50) NOT NULL,
  `Genre_genre_id` SMALLINT NOT NULL,
  PRIMARY KEY (`ISBN13`, `Genre_genre_id`),
  INDEX `fk_Product_Genre1_idx` (`Genre_genre_id` ASC),
  CONSTRAINT `fk_Product_Genre1`
    FOREIGN KEY (`Genre_genre_id`)
    REFERENCES `myapp`.`Genre` (`genre_id`)
    ON DELETE NO ACTION
    ON UPDATE NO ACTION)
ENGINE = InnoDB;


-- -----------------------------------------------------
-- Table `myapp`.`OrderDetail`
-- -----------------------------------------------------
CREATE TABLE IF NOT EXISTS `myapp`.`OrderDetail` (
  `order_id` INT NOT NULL AUTO_INCREMENT,
  `unit_price` DECIMAL(5,2) NOT NULL,
  `datetime` TIMESTAMP DEFAULT CURRENT_TIMESTAMP ON UPDATE CURRENT_TIMESTAMP,
  `Customer_email` VARCHAR(100) NOT NULL,
  `Product_ISBN13` CHAR(14) NOT NULL,
  PRIMARY KEY (`order_id`, `Customer_email`, `Product_ISBN13`),
  INDEX `fk_Transaction_Customer_idx` (`Customer_email` ASC),
  INDEX `fk_OrderDetail_Product1_idx` (`Product_ISBN13` ASC),
  CONSTRAINT `fk_Customer_email`
    FOREIGN KEY (`Customer_email`)
    REFERENCES `myapp`.`Customer` (`email`)
    ON DELETE CASCADE
    ON UPDATE CASCADE,
  CONSTRAINT `fk_OrderDetail_Product1`
    FOREIGN KEY (`Product_ISBN13`)
    REFERENCES `myapp`.`Product` (`ISBN13`)
    ON DELETE NO ACTION
    ON UPDATE NO ACTION)
ENGINE = InnoDB;


-- -----------------------------------------------------
-- Table `myapp`.`CardInfo`
-- -----------------------------------------------------
CREATE TABLE IF NOT EXISTS `myapp`.`CardInfo` (
  `card_no` VARCHAR(20) NOT NULL,
  `holder_name` CHAR(20) NOT NULL,
  `card_type` VARCHAR(20) NOT NULL,
  `CVV` CHAR(3) NOT NULL,
  `expiry` DATE NOT NULL,
  `Customer_email` VARCHAR(100) NOT NULL,
  PRIMARY KEY (`card_no`, `card_type`, `Customer_email`),
  INDEX `fk_CardInfo_Customer1_idx` (`Customer_email` ASC),
  CONSTRAINT `fk_CardInfo_Customer1`
    FOREIGN KEY (`Customer_email`)
    REFERENCES `myapp`.`Customer` (`email`)
    ON DELETE NO ACTION
    ON UPDATE NO ACTION)
ENGINE = InnoDB;


-- -----------------------------------------------------
-- Table `myapp`.`Admin`
-- -----------------------------------------------------
CREATE TABLE IF NOT EXISTS `myapp`.`Admin` (
  `staff_email` VARCHAR(20) NOT NULL,
  `name` CHAR(60) NOT NULL,
  `department` CHAR(3) NOT NULL,
  `access_rights` CHAR(25) NOT NULL,
  `password` VARCHAR(20) NOT NULL,
  PRIMARY KEY (`staff_email`))
ENGINE = InnoDB;


-- -----------------------------------------------------
-- Table `myapp`.`Update`
-- -----------------------------------------------------
CREATE TABLE IF NOT EXISTS `myapp`.`Update` (
  `staff_id` VARCHAR(8) NOT NULL,
  `ISBN13` CHAR(14) NOT NULL,
  `last_update` TIMESTAMP NOT NULL,
  PRIMARY KEY (`last_update`, `staff_id`, `ISBN13`),
  INDEX `fk_Update_Product1_idx` (`ISBN13` ASC),
  CONSTRAINT `fk_Update_Admin1`
    FOREIGN KEY (`staff_id`)
    REFERENCES `myapp`.`Admin` (`staff_email`)
    ON DELETE NO ACTION
    ON UPDATE CASCADE,
  CONSTRAINT `fk_Update_Product1`
    FOREIGN KEY (`ISBN13`)
    REFERENCES `myapp`.`Product` (`ISBN13`)
    ON DELETE NO ACTION
    ON UPDATE CASCADE)
ENGINE = InnoDB;


-- -----------------------------------------------------
-- Table `myapp`.`Customer_audit`
-- -----------------------------------------------------
CREATE TABLE IF NOT EXISTS `myapp`.`Customer_audit` (
  `action` VARCHAR(50) NOT NULL,
  `id` INT(11) NOT NULL AUTO_INCREMENT,
  `billing_address` VARCHAR(256) NOT NULL,
  `first_name` VARCHAR(20) NOT NULL,
  `last_name` VARCHAR(20) NOT NULL,
  `mailing_address` VARCHAR(256) NOT NULL,
  `change_date` DATETIME NOT NULL,
  `Customer_email` VARCHAR(100) NOT NULL,
  PRIMARY KEY (`id`, `Customer_email`),
  INDEX `fk_Customer_audit_Customer1_idx` (`Customer_email` ASC),
  CONSTRAINT `fk_Customer_audit_Customer1`
    FOREIGN KEY (`Customer_email`)
    REFERENCES `myapp`.`Customer` (`email`)
    ON DELETE NO ACTION
    ON UPDATE NO ACTION)
ENGINE = InnoDB;


SET SQL_MODE=@OLD_SQL_MODE;
SET FOREIGN_KEY_CHECKS=@OLD_FOREIGN_KEY_CHECKS;
SET UNIQUE_CHECKS=@OLD_UNIQUE_CHECKS;

-- MySQL dump 10.13  Distrib 8.0.17, for macos10.14 (x86_64)
--
-- Host: localhost    Database: myapp
-- ------------------------------------------------------
-- Server version	8.0.17

/*!40101 SET @OLD_CHARACTER_SET_CLIENT=@@CHARACTER_SET_CLIENT */;
/*!40101 SET @OLD_CHARACTER_SET_RESULTS=@@CHARACTER_SET_RESULTS */;
/*!40101 SET @OLD_COLLATION_CONNECTION=@@COLLATION_CONNECTION */;
/*!50503 SET NAMES utf8 */;
/*!40103 SET @OLD_TIME_ZONE=@@TIME_ZONE */;
/*!40103 SET TIME_ZONE='+00:00' */;
/*!40014 SET @OLD_UNIQUE_CHECKS=@@UNIQUE_CHECKS, UNIQUE_CHECKS=0 */;
/*!40014 SET @OLD_FOREIGN_KEY_CHECKS=@@FOREIGN_KEY_CHECKS, FOREIGN_KEY_CHECKS=0 */;
/*!40101 SET @OLD_SQL_MODE=@@SQL_MODE, SQL_MODE='NO_AUTO_VALUE_ON_ZERO' */;
/*!40111 SET @OLD_SQL_NOTES=@@SQL_NOTES, SQL_NOTES=0 */;

--
-- Dumping data for table `Customer`
--

LOCK TABLES `Customer` WRITE;
/*!40000 ALTER TABLE `Customer` DISABLE KEYS */;
INSERT INTO `Customer` VALUES ('Acosta@hotmail.com','2019-12-04 19:27:00','Cruz U.','Acosta','P.O. Box 826, 3030 Nonummy Ave','1994-06-10','P.O. Box 826, 3030 Nonummy Ave','FJO67RWD0RJ','2019-12-03 19:27:00','2019-12-04 19:27:00',1);
INSERT INTO `Customer` VALUES ('Anderson@hotmail.com','2019-12-05 19:27:00','Scarlet M.','Anderson','7681 Nisi Ave','1994-06-11','7681 Nisi Ave','PRA16TIX3UY','2019-12-04 19:27:00','2019-11-27 19:27:00',0);
INSERT INTO `Customer` VALUES ('Arnold@hotmail.com','2019-12-06 19:27:00','Lisandra L.','Arnold','P.O. Box 963, 5972 Tempor Ave','1994-06-12','P.O. Box 963, 5972 Tempor Ave','WZT77EIL7TF','2019-12-05 19:27:00','2019-11-28 19:27:00',0);
INSERT INTO `Customer` VALUES ('Atkinson@hotmail.com','2019-12-07 19:27:00','Pascale W.','Atkinson','Ap #427-3477 Mollis Street','1994-06-13','Ap #427-3477 Mollis Street','MQB55PIP4KS','2019-12-06 19:27:00','2019-11-29 19:27:00',1);
INSERT INTO `Customer` VALUES ('Baker@hotmail.com','2019-12-08 19:27:00','Hasad B.','Baker','P.O. Box 248, 4651 Velit St.','1994-06-14','P.O. Box 248, 4651 Velit St.','WNB39FEC8IJ','2019-12-07 19:27:00','2019-11-30 19:27:00',0);
INSERT INTO `Customer` VALUES ('Barr@gmail.com','2019-12-09 19:27:00','Leonard S.','Barr','830-9399 Semper, Rd.','1994-06-15','830-9399 Semper, Rd.','DGQ38DMT3NB','2019-12-08 19:27:00','2019-12-01 19:27:00',0);
INSERT INTO `Customer` VALUES ('Barr@yahoo.com','2019-12-10 19:27:00','Harrison Q.','Barr','100-810 Vivamus Street','1994-06-16','100-810 Vivamus Street','TZK07HTD3MR','2019-12-09 19:27:00','2019-12-02 19:27:00',1);
INSERT INTO `Customer` VALUES ('Battle@yahoo.com','2019-12-11 19:27:00','Arsenio C.','Battle','Ap #829-2250 Urna Rd.','1994-06-17','Ap #829-2250 Urna Rd.','PAZ88GFO1IJ','2019-12-10 19:27:00','2019-12-03 19:27:00',0);
INSERT INTO `Customer` VALUES ('Bennett@gmail.com','2019-12-12 19:27:00','Mollie Z.','Bennett','437-282 Vel, Avenue','1994-06-18','437-282 Vel, Avenue','JPS77BSW2QW','2019-12-11 19:27:00','2019-12-04 19:27:00',1);
INSERT INTO `Customer` VALUES ('Bowers@yahoo.com','2019-12-13 19:27:00','Marcia L.','Bowers','968 Elit. St.','1994-06-19','968 Elit. St.','DUP23ZPO9SO','2019-12-12 19:27:00','2019-12-05 19:27:00',0);
INSERT INTO `Customer` VALUES ('Boyer@gmail.com','2019-12-14 19:27:00','Paki N.','Boyer','Ap #816-3665 Tincidunt, Street','1994-06-20','Ap #816-3665 Tincidunt, Street','JNI89OUU4VU','2019-12-13 19:27:00','2019-12-06 19:27:00',1);
INSERT INTO `Customer` VALUES ('Bridges@gmail.com','2019-12-15 19:27:00','Martha B.','Bridges','Ap #553-1815 Massa. Rd.','1994-06-21','Ap #553-1815 Massa. Rd.','XGI47DEC3BK','2019-12-14 19:27:00','2019-12-07 19:27:00',0);
INSERT INTO `Customer` VALUES ('Buchanan@gmail.com','2019-12-16 19:27:00','Allen I.','Buchanan','797-1149 In Rd.','1994-06-22','797-1149 In Rd.','DGO89ASY3LQ','2019-12-15 19:27:00','2019-12-08 19:27:00',0);
INSERT INTO `Customer` VALUES ('Cannon@hotmail.com','2019-12-17 19:27:00','Lamar I.','Cannon','P.O. Box 163, 6182 Scelerisque St.','1994-06-23','P.O. Box 163, 6182 Scelerisque St.','NTR46BVC9ME','2019-12-16 19:27:00','2019-12-09 19:27:00',0);
INSERT INTO `Customer` VALUES ('Cantrell@gmail.com','2019-12-18 19:27:00','Jamal U.','Cantrell','9151 Diam. St.','1994-06-24','9151 Diam. St.','UJP44UNN9YH','2019-12-17 19:27:00','2019-12-10 19:27:00',1);
INSERT INTO `Customer` VALUES ('Carey@yahoo.com','2019-12-19 19:27:00','Lyle M.','Carey','939-4727 Gravida St.','1994-06-25','939-4727 Gravida St.','HUM54CDL5IC','2019-12-18 19:27:00','2019-12-11 19:27:00',0);
INSERT INTO `Customer` VALUES ('Carver@yahoo.com','2019-12-20 19:27:00','Abbot X.','Carver','Ap #192-7953 Dui, Road','1994-06-26','Ap #192-7953 Dui, Road','XPI52UFW3WN','2019-12-19 19:27:00','2019-12-12 19:27:00',0);
INSERT INTO `Customer` VALUES ('Charles@yahoo.com','2019-12-21 19:27:00','Suki W.','Charles','889 Maecenas Av.','1994-06-27','889 Maecenas Av.','JNI52BHC5PJ','2019-12-20 19:27:00','2019-12-13 19:27:00',1);
INSERT INTO `Customer` VALUES ('Chen@hotmail.com','2019-12-22 19:27:00','Ralph N.','Chen','Ap #164-5965 Nec, Road','1994-06-28','Ap #164-5965 Nec, Road','VUX38PYU2WU','2019-12-21 19:27:00','2019-12-14 19:27:00',1);
INSERT INTO `Customer` VALUES ('Christensen@hotmail.com','2019-12-23 19:27:00','Sara I.','Christensen','4009 Ornare Rd.','1994-06-29','4009 Ornare Rd.','WUS28XNN7HT','2019-12-22 19:27:00','2019-12-15 19:27:00',1);
INSERT INTO `Customer` VALUES ('Clarke@gmail.com','2019-12-24 19:27:00','Quin L.','Clarke','Ap #647-6490 Donec Av.','1994-06-30','Ap #647-6490 Donec Av.','NLI28AHV8UO','2019-12-23 19:27:00','2019-12-16 19:27:00',1);
INSERT INTO `Customer` VALUES ('Clarke@yahoo.com','2019-12-25 19:27:00','Veronica A.','Clarke','P.O. Box 843, 1263 Mattis Ave','1994-07-01','P.O. Box 843, 1263 Mattis Ave','YQA36LAB1FO','2019-12-24 19:27:00','2019-12-17 19:27:00',0);
INSERT INTO `Customer` VALUES ('Cohen@gmail.com','2019-12-26 19:27:00','Andrew O.','Cohen','528-7950 Urna Rd.','1994-07-02','528-7950 Urna Rd.','RUE65TBS8IJ','2019-12-25 19:27:00','2019-12-18 19:27:00',1);
INSERT INTO `Customer` VALUES ('Cohen@yahoo.com','2019-12-27 19:27:00','Abigail A.','Cohen','5563 Tempus Rd.','1994-07-03','5563 Tempus Rd.','GCT17TAH1VT','2019-12-26 19:27:00','2019-12-19 19:27:00',1);
INSERT INTO `Customer` VALUES ('Conner@hotmail.com','2019-12-28 19:27:00','Eden F.','Conner','Ap #466-9944 Aliquam Ave','1994-07-04','Ap #466-9944 Aliquam Ave','VSY74OIB5ZL','2019-12-27 19:27:00','2019-12-20 19:27:00',1);
INSERT INTO `Customer` VALUES ('Dejesus@hotmail.com','2019-12-29 19:27:00','Inez G.','Dejesus','4634 Pede. Avenue','1994-07-05','4634 Pede. Avenue','GPX67NEI0ZB','2019-12-28 19:27:00','2019-12-21 19:27:00',1);
INSERT INTO `Customer` VALUES ('Dickerson@yahoo.com','2019-12-30 19:27:00','Hilda O.','Dickerson','Ap #188-4602 Vitae, Rd.','1994-07-06','Ap #188-4602 Vitae, Rd.','WOU39JCH2FL','2019-12-29 19:27:00','2019-12-22 19:27:00',0);
INSERT INTO `Customer` VALUES ('Dunlap@yahoo.com','2019-12-31 19:27:00','Quail E.','Dunlap','7609 Ultrices Av.','1994-07-07','7609 Ultrices Av.','LMQ97WDP2WR','2019-12-30 19:27:00','2019-12-23 19:27:00',0);
INSERT INTO `Customer` VALUES ('Duran@gmail.com','2020-01-01 19:27:00','Joy F.','Duran','969-1735 Adipiscing, Rd.','1994-07-08','969-1735 Adipiscing, Rd.','TSL27DXR8NV','2019-12-31 19:27:00','2019-12-24 19:27:00',0);
INSERT INTO `Customer` VALUES ('Ferguson@yahoo.com','2020-01-02 19:27:00','Blythe Z.','Ferguson','1013 Montes, Ave','1994-07-09','1013 Montes, Ave','QXK35BKN3DY','2020-01-01 19:27:00','2019-12-25 19:27:00',1);
INSERT INTO `Customer` VALUES ('Finley@yahoo.com','2020-01-03 19:27:00','Desiree O.','Finley','P.O. Box 830, 2128 Velit Ave','1994-07-10','P.O. Box 830, 2128 Velit Ave','LYJ92IFR1ZJ','2020-01-02 19:27:00','2019-12-26 19:27:00',0);
INSERT INTO `Customer` VALUES ('Fitzgerald@hotmail.com','2020-01-04 19:27:00','Mariam H.','Fitzgerald','Ap #969-6008 Eget, Avenue','1994-07-11','Ap #969-6008 Eget, Avenue','LZA05HIQ5NI','2020-01-03 19:27:00','2019-12-27 19:27:00',1);
INSERT INTO `Customer` VALUES ('Fletcher@gmail.com','2020-01-05 19:27:00','Rebecca C.','Fletcher','5114 Turpis Rd.','1994-07-12','5114 Turpis Rd.','MSY50JMY8KX','2020-01-04 19:27:00','2019-12-28 19:27:00',0);
INSERT INTO `Customer` VALUES ('Flynn@gmail.com','2020-01-06 19:27:00','Casey A.','Flynn','6130 Sed St.','1994-07-13','6130 Sed St.','YJX32PYT4RO','2020-01-05 19:27:00','2019-12-29 19:27:00',1);
INSERT INTO `Customer` VALUES ('Franklin@yahoo.com','2020-01-07 19:27:00','Curran J.','Franklin','P.O. Box 589, 8703 Et, Av.','1994-07-14','P.O. Box 589, 8703 Et, Av.','OFW91ISY7DH','2020-01-06 19:27:00','2019-12-30 19:27:00',0);
INSERT INTO `Customer` VALUES ('Gaines@hotmail.com','2020-01-08 19:27:00','Tiger Y.','Gaines','Ap #431-1142 Montes, St.','1994-07-15','Ap #431-1142 Montes, St.','IUH19AYE0LI','2020-01-07 19:27:00','2019-12-31 19:27:00',0);
INSERT INTO `Customer` VALUES ('Galloway@gmail.com','2020-01-09 19:27:00','Damon R.','Galloway','Ap #647-8183 Integer Street','1994-07-16','Ap #647-8183 Integer Street','YDR68PDC4TZ','2020-01-08 19:27:00','2020-01-01 19:27:00',1);
INSERT INTO `Customer` VALUES ('Gay@yahoo.com','2020-01-10 19:27:00','Kiayada Z.','Gay','Ap #557-2335 Cras St.','1994-07-17','Ap #557-2335 Cras St.','ICP32DJP1UU','2020-01-09 19:27:00','2020-01-02 19:27:00',1);
INSERT INTO `Customer` VALUES ('Goodwin@gmail.com','2020-01-11 19:27:00','Adele H.','Goodwin','P.O. Box 693, 1026 Donec Av.','1994-07-18','P.O. Box 693, 1026 Donec Av.','ARG69NLE4AS','2020-01-10 19:27:00','2020-01-03 19:27:00',0);
INSERT INTO `Customer` VALUES ('Greene@yahoo.com','2020-01-12 19:27:00','Madonna S.','Greene','P.O. Box 362, 6705 Aliquam Street','1994-07-19','P.O. Box 362, 6705 Aliquam Street','JDF91DVK5KS','2020-01-11 19:27:00','2020-01-04 19:27:00',0);
INSERT INTO `Customer` VALUES ('Hardy@gmail.com','2020-01-13 19:27:00','Laura I.','Hardy','6114 Felis. Av.','1994-07-20','6114 Felis. Av.','ESC67TCP3JO','2020-01-12 19:27:00','2020-01-05 19:27:00',1);
INSERT INTO `Customer` VALUES ('Hatfield@hotmail.com','2020-01-14 19:27:00','Kirestin E.','Hatfield','P.O. Box 692, 2473 Montes, Rd.','1994-07-21','P.O. Box 692, 2473 Montes, Rd.','AFZ98UUJ5OA','2020-01-13 19:27:00','2020-01-06 19:27:00',0);
INSERT INTO `Customer` VALUES ('Henderson@yahoo.com','2020-01-15 19:27:00','Prescott W.','Henderson','Ap #526-5908 Quam. Rd.','1994-07-22','Ap #526-5908 Quam. Rd.','TGS78MTI9ES','2020-01-14 19:27:00','2020-01-07 19:27:00',1);
INSERT INTO `Customer` VALUES ('Holcomb@yahoo.com','2020-01-16 19:27:00','Michelle C.','Holcomb','Ap #316-5024 Neque Road','1994-07-23','Ap #316-5024 Neque Road','DDW68CYJ1HK','2020-01-15 19:27:00','2020-01-08 19:27:00',1);
INSERT INTO `Customer` VALUES ('Holt@gmail.com','2020-01-17 19:27:00','Kenyon W.','Holt','5031 Malesuada St.','1994-07-24','5031 Malesuada St.','DLM78ZRE4UU','2020-01-16 19:27:00','2020-01-09 19:27:00',0);
INSERT INTO `Customer` VALUES ('Horn@gmail.com','2020-01-18 19:27:00','Hamish N.','Horn','909 Ipsum. Av.','1994-07-25','909 Ipsum. Av.','TKD89WSD7VB','2020-01-17 19:27:00','2020-01-10 19:27:00',1);
INSERT INTO `Customer` VALUES ('Hurley@hotmail.com','2020-01-19 19:27:00','Caesar K.','Hurley','P.O. Box 413, 9681 Eu Rd.','1994-07-26','P.O. Box 413, 9681 Eu Rd.','EWE23FPE3JO','2020-01-18 19:27:00','2020-01-11 19:27:00',1);
INSERT INTO `Customer` VALUES ('Hurst@yahoo.com','2020-01-20 19:27:00','David M.','Hurst','814-8155 Nisl St.','1994-07-27','814-8155 Nisl St.','WIR08IYJ4OC','2020-01-19 19:27:00','2020-01-12 19:27:00',1);
INSERT INTO `Customer` VALUES ('Kelly@gmail.com','2020-01-21 19:27:00','Murphy O.','Kelly','108-8059 Ridiculus Rd.','1994-07-28','108-8059 Ridiculus Rd.','SXO10RPG3KZ','2020-01-20 19:27:00','2020-01-13 19:27:00',1);
INSERT INTO `Customer` VALUES ('Kirkland@gmail.com','2020-01-22 19:27:00','Deirdre F.','Kirkland','Ap #482-9137 Cum St.','1994-07-29','Ap #482-9137 Cum St.','OQU37AOX0XB','2020-01-21 19:27:00','2020-01-14 19:27:00',1);
INSERT INTO `Customer` VALUES ('Lloyd@yahoo.com','2020-01-23 19:27:00','Palmer W.','Lloyd','Ap #534-3574 Laoreet Avenue','1994-07-30','Ap #534-3574 Laoreet Avenue','MLL92FKO9JS','2020-01-22 19:27:00','2020-01-15 19:27:00',1);
INSERT INTO `Customer` VALUES ('Mcclain@yahoo.com','2020-01-24 19:27:00','Cecilia P.','Mcclain','P.O. Box 984, 3368 Cursus. Avenue','1994-07-31','P.O. Box 984, 3368 Cursus. Avenue','OPR96DDX4HC','2020-01-23 19:27:00','2020-01-16 19:27:00',1);
INSERT INTO `Customer` VALUES ('Mccullough@hotmail.com','2020-01-25 19:27:00','Gay J.','Mccullough','P.O. Box 303, 9910 Eleifend. St.','1994-08-01','P.O. Box 303, 9910 Eleifend. St.','XHD05SYK8MN','2020-01-24 19:27:00','2020-01-17 19:27:00',0);
INSERT INTO `Customer` VALUES ('Mcdowell@yahoo.com','2020-01-26 19:27:00','Sheila G.','Mcdowell','218-8637 Quam, Rd.','1994-08-02','218-8637 Quam, Rd.','VMH54DFA7EI','2020-01-25 19:27:00','2020-01-18 19:27:00',0);
INSERT INTO `Customer` VALUES ('Mckinney@yahoo.com','2020-01-27 19:27:00','Paul M.','Mckinney','Ap #832-5984 Odio. Rd.','1994-08-03','Ap #832-5984 Odio. Rd.','EXF42JXN0OI','2020-01-26 19:27:00','2020-01-19 19:27:00',0);
INSERT INTO `Customer` VALUES ('Mitchell@yahoo.com','2020-01-28 19:27:00','Caesar B.','Mitchell','470-4927 Euismod St.','1994-08-04','470-4927 Euismod St.','WHU76YDB2RZ','2020-01-27 19:27:00','2020-01-20 19:27:00',0);
INSERT INTO `Customer` VALUES ('Morgan@hotmail.com','2020-01-29 19:27:00','Raymond G.','Morgan','Ap #362-4121 Ac Road','1994-08-05','Ap #362-4121 Ac Road','AWH15YPI3NQ','2020-01-28 19:27:00','2020-01-21 19:27:00',1);
INSERT INTO `Customer` VALUES ('Moses@yahoo.com','2020-01-30 19:27:00','Illiana X.','Moses','3316 Pellentesque St.','1994-08-06','3316 Pellentesque St.','GKD62III9XN','2020-01-29 19:27:00','2020-01-22 19:27:00',0);
INSERT INTO `Customer` VALUES ('Nash@yahoo.com','2020-01-31 19:27:00','Forrest M.','Nash','295-604 Adipiscing Ave','1994-08-07','295-604 Adipiscing Ave','ZLS20ACU5OI','2020-01-30 19:27:00','2020-01-23 19:27:00',0);
INSERT INTO `Customer` VALUES ('Norton@yahoo.com','2020-02-01 19:27:00','Candace B.','Norton','P.O. Box 298, 6996 Enim, Ave','1994-08-08','P.O. Box 298, 6996 Enim, Ave','CSX39FEJ1GA','2020-01-31 19:27:00','2020-01-24 19:27:00',0);
INSERT INTO `Customer` VALUES ('Odom@yahoo.com','2020-02-02 19:27:00','Paul I.','Odom','740 Cursus Rd.','1994-08-09','740 Cursus Rd.','LEW26YOL3CI','2020-02-01 19:27:00','2020-01-25 19:27:00',1);
INSERT INTO `Customer` VALUES ('Orr@yahoo.com','2020-02-03 19:27:00','Karina O.','Orr','P.O. Box 333, 6937 Aliquet St.','1994-08-10','P.O. Box 333, 6937 Aliquet St.','WHN18SQF1XS','2020-02-02 19:27:00','2020-01-26 19:27:00',1);
INSERT INTO `Customer` VALUES ('Ortiz@hotmail.com','2020-02-04 19:27:00','Asher S.','Ortiz','1526 Nec, Rd.','1994-08-11','1526 Nec, Rd.','LJX93RPT6GD','2020-02-03 19:27:00','2020-01-27 19:27:00',0);
INSERT INTO `Customer` VALUES ('Pace@gmail.com','2020-02-05 19:27:00','Tanisha U.','Pace','Ap #353-5781 Mauris Rd.','1994-08-12','Ap #353-5781 Mauris Rd.','CVS28EOX5BU','2020-02-04 19:27:00','2020-01-28 19:27:00',1);
INSERT INTO `Customer` VALUES ('Parks@hotmail.com','2020-02-06 19:27:00','Arsenio F.','Parks','6304 Imperdiet Road','1994-08-13','6304 Imperdiet Road','RPQ61UUZ4KX','2020-02-05 19:27:00','2020-01-29 19:27:00',0);
INSERT INTO `Customer` VALUES ('Paul@yahoo.com','2020-02-07 19:27:00','Hilel G.','Paul','P.O. Box 197, 4361 Eget Rd.','1994-08-14','P.O. Box 197, 4361 Eget Rd.','AKA84GWL9QT','2020-02-06 19:27:00','2020-01-30 19:27:00',0);
INSERT INTO `Customer` VALUES ('Payne@hotmail.com','2020-02-08 19:27:00','Colton X.','Payne','P.O. Box 921, 5215 Dis Street','1994-08-15','P.O. Box 921, 5215 Dis Street','LOU70OZX9UI','2020-02-07 19:27:00','2020-01-31 19:27:00',0);
INSERT INTO `Customer` VALUES ('Pierce@yahoo.com','2020-02-09 19:27:00','Britanni E.','Pierce','8869 Vestibulum Av.','1994-08-16','8869 Vestibulum Av.','AAF73ZQE4JM','2020-02-08 19:27:00','2020-02-01 19:27:00',1);
INSERT INTO `Customer` VALUES ('Ramirez@hotmail.com','2020-02-10 19:27:00','Brody I.','Ramirez','1590 Purus Street','1994-08-17','1590 Purus Street','NVX23RJS3MO','2020-02-09 19:27:00','2020-02-02 19:27:00',1);
INSERT INTO `Customer` VALUES ('Randall@gmail.com','2020-02-11 19:27:00','Garth D.','Randall','Ap #816-653 Sit Rd.','1994-08-18','Ap #816-653 Sit Rd.','BBA17XZF7CZ','2020-02-10 19:27:00','2020-02-03 19:27:00',0);
INSERT INTO `Customer` VALUES ('Randall@yahoo.com','2020-02-12 19:27:00','Ahmed K.','Randall','P.O. Box 768, 3850 Praesent Road','1994-08-19','P.O. Box 768, 3850 Praesent Road','WIR52FFB4MY','2020-02-11 19:27:00','2020-02-04 19:27:00',0);
INSERT INTO `Customer` VALUES ('Ratliff@hotmail.com','2020-02-13 19:27:00','Christine V.','Ratliff','332-6223 Maecenas Rd.','1994-08-20','332-6223 Maecenas Rd.','USV14WOO9OK','2020-02-12 19:27:00','2020-02-05 19:27:00',0);
INSERT INTO `Customer` VALUES ('Riggs@hotmail.com','2020-02-14 19:27:00','Hayden H.','Riggs','228-9984 Ullamcorper Av.','1994-08-21','228-9984 Ullamcorper Av.','NNN05HER6DP','2020-02-13 19:27:00','2020-02-06 19:27:00',0);
INSERT INTO `Customer` VALUES ('Rodriguez@hotmail.com','2020-02-15 19:27:00','Lydia P.','Rodriguez','Ap #363-7526 Curabitur Rd.','1994-08-22','Ap #363-7526 Curabitur Rd.','UGE87IGA8SA','2020-02-14 19:27:00','2020-02-07 19:27:00',0);
INSERT INTO `Customer` VALUES ('Rojas@hotmail.com','2020-02-16 19:27:00','Indigo G.','Rojas','846-2675 Fusce St.','1994-08-23','846-2675 Fusce St.','HEC47TLN0TZ','2020-02-15 19:27:00','2020-02-08 19:27:00',1);
INSERT INTO `Customer` VALUES ('Rowland@hotmail.com','2020-02-17 19:27:00','Haviva V.','Rowland','Ap #851-1536 Tincidunt Street','1994-08-24','Ap #851-1536 Tincidunt Street','JYE73TOH1IQ','2020-02-16 19:27:00','2020-02-09 19:27:00',0);
INSERT INTO `Customer` VALUES ('Salazar@gmail.com','2020-02-18 19:27:00','Liberty Y.','Salazar','Ap #908-3893 Vitae St.','1994-08-25','Ap #908-3893 Vitae St.','VSW67BKF2LC','2020-02-17 19:27:00','2020-02-10 19:27:00',1);
INSERT INTO `Customer` VALUES ('Salinas@hotmail.com','2020-02-19 19:27:00','Keelie D.','Salinas','Ap #783-2160 Ac Rd.','1994-08-26','Ap #783-2160 Ac Rd.','ZJM39PTG0JD','2020-02-18 19:27:00','2020-02-11 19:27:00',0);
INSERT INTO `Customer` VALUES ('Schwartz@yahoo.com','2020-02-20 19:27:00','Lionel G.','Schwartz','176-369 Dui. Av.','1994-08-27','176-369 Dui. Av.','ORR64GWL6VS','2020-02-19 19:27:00','2020-02-12 19:27:00',1);
INSERT INTO `Customer` VALUES ('Scott@gmail.com','2020-02-21 19:27:00','Jana X.','Scott','P.O. Box 725, 1769 Nisl Avenue','1994-08-28','P.O. Box 725, 1769 Nisl Avenue','QCH97DJK2BI','2020-02-20 19:27:00','2020-02-13 19:27:00',0);
INSERT INTO `Customer` VALUES ('Shannon@gmail.com','2020-02-22 19:27:00','Scarlet D.','Shannon','312-9257 Ultrices Road','1994-08-29','312-9257 Ultrices Road','RCZ19YFA2WI','2020-02-21 19:27:00','2020-02-14 19:27:00',1);
INSERT INTO `Customer` VALUES ('Short@gmail.com','2020-02-23 19:27:00','Nina K.','Short','P.O. Box 992, 8363 Dignissim. St.','1994-08-30','P.O. Box 992, 8363 Dignissim. St.','DZK47SIO3RT','2020-02-22 19:27:00','2020-02-15 19:27:00',1);
INSERT INTO `Customer` VALUES ('Simmons@yahoo.com','2020-02-24 19:27:00','Ian A.','Simmons','427-1874 Leo. Rd.','1994-08-31','427-1874 Leo. Rd.','HYQ63ZJK6IG','2020-02-23 19:27:00','2020-02-16 19:27:00',1);
INSERT INTO `Customer` VALUES ('Stanton@yahoo.com','2020-02-25 19:27:00','Hasad X.','Stanton','Ap #710-8621 Volutpat. Rd.','1994-09-01','Ap #710-8621 Volutpat. Rd.','OFJ85TZX2MN','2020-02-24 19:27:00','2020-02-17 19:27:00',0);
INSERT INTO `Customer` VALUES ('Stuart@hotmail.com','2020-02-26 19:27:00','Ivory D.','Stuart','997-5102 Congue. Ave','1994-09-02','997-5102 Congue. Ave','PLY32HXG2RM','2020-02-25 19:27:00','2020-02-18 19:27:00',1);
INSERT INTO `Customer` VALUES ('Sweet@hotmail.com','2020-02-27 19:27:00','Kylynn Y.','Sweet','Ap #792-7032 Dictum Rd.','1994-09-03','Ap #792-7032 Dictum Rd.','RWT63XTM7QB','2020-02-26 19:27:00','2020-02-19 19:27:00',1);
INSERT INTO `Customer` VALUES ('Taylor@hotmail.com','2020-02-28 19:27:00','Joel L.','Taylor','Ap #842-7213 Nulla St.','1994-09-04','Ap #842-7213 Nulla St.','DNG74JQH8FJ','2020-02-27 19:27:00','2020-02-20 19:27:00',0);
INSERT INTO `Customer` VALUES ('Trevino@hotmail.com','2020-02-29 19:27:00','Hermione Q.','Trevino','492-3858 Pede, St.','1994-09-05','492-3858 Pede, St.','IBA22UBM1NP','2020-02-28 19:27:00','2020-02-21 19:27:00',1);
INSERT INTO `Customer` VALUES ('Ward@yahoo.com','2020-03-01 19:27:00','Roary J.','Ward','7033 Mauris Road','1994-09-06','7033 Mauris Road','MHW31HYL8ON','2020-02-29 19:27:00','2020-02-22 19:27:00',0);
INSERT INTO `Customer` VALUES ('Ware@hotmail.com','2020-03-02 19:27:00','Yasir M.','Ware','Ap #922-415 Lectus St.','1994-09-07','Ap #922-415 Lectus St.','WDI86VRY4PE','2020-03-01 19:27:00','2020-02-23 19:27:00',1);
INSERT INTO `Customer` VALUES ('Watts@hotmail.com','2020-03-03 19:27:00','David G.','Watts','P.O. Box 756, 7253 Convallis St.','1994-09-08','P.O. Box 756, 7253 Convallis St.','IXZ38XCG3XL','2020-03-02 19:27:00','2020-02-24 19:27:00',1);
INSERT INTO `Customer` VALUES ('Webster@yahoo.com','2020-03-04 19:27:00','Jena E.','Webster','Ap #274-2001 Sed Ave','1994-09-09','Ap #274-2001 Sed Ave','UPQ05CPM8MV','2020-03-03 19:27:00','2020-02-25 19:27:00',1);
INSERT INTO `Customer` VALUES ('Welch@gmail.com','2020-03-05 19:27:00','Joan U.','Welch','323-5136 Sed Rd.','1994-09-10','323-5136 Sed Rd.','ELN87KDX5WO','2020-03-04 19:27:00','2020-02-26 19:27:00',1);
INSERT INTO `Customer` VALUES ('Wells@yahoo.com','2020-03-06 19:27:00','Gemma H.','Wells','4616 Vitae Avenue','1994-09-11','4616 Vitae Avenue','AZR95QQM1RS','2020-03-05 19:27:00','2020-02-27 19:27:00',1);
INSERT INTO `Customer` VALUES ('Woods@hotmail.com','2020-03-07 19:27:00','Kirk N.','Woods','Ap #232-8115 Duis Av.','1994-09-12','Ap #232-8115 Duis Av.','KBZ07NJU3FN','2020-03-06 19:27:00','2020-02-28 19:27:00',1);
INSERT INTO `Customer` VALUES ('Workman@gmail.com','2020-03-08 19:27:00','Carl X.','Workman','Ap #399-3914 Euismod Ave','1994-09-13','Ap #399-3914 Euismod Ave','BNM34SMG3IX','2020-03-07 19:27:00','2020-02-29 19:27:00',1);
/*!40000 ALTER TABLE `Customer` ENABLE KEYS */;
UNLOCK TABLES;
/*!40103 SET TIME_ZONE=@OLD_TIME_ZONE */;

/*!40101 SET SQL_MODE=@OLD_SQL_MODE */;
/*!40014 SET FOREIGN_KEY_CHECKS=@OLD_FOREIGN_KEY_CHECKS */;
/*!40014 SET UNIQUE_CHECKS=@OLD_UNIQUE_CHECKS */;
/*!40101 SET CHARACTER_SET_CLIENT=@OLD_CHARACTER_SET_CLIENT */;
/*!40101 SET CHARACTER_SET_RESULTS=@OLD_CHARACTER_SET_RESULTS */;
/*!40101 SET COLLATION_CONNECTION=@OLD_COLLATION_CONNECTION */;
/*!40111 SET SQL_NOTES=@OLD_SQL_NOTES */;

-- Dump completed on 2019-10-28 21:05:36


-- MySQL dump 10.13  Distrib 8.0.17, for macos10.14 (x86_64)
--
-- Host: localhost    Database: myapp
-- ------------------------------------------------------
-- Server version	8.0.17

/*!40101 SET @OLD_CHARACTER_SET_CLIENT=@@CHARACTER_SET_CLIENT */;
/*!40101 SET @OLD_CHARACTER_SET_RESULTS=@@CHARACTER_SET_RESULTS */;
/*!40101 SET @OLD_COLLATION_CONNECTION=@@COLLATION_CONNECTION */;
/*!50503 SET NAMES utf8 */;
/*!40103 SET @OLD_TIME_ZONE=@@TIME_ZONE */;
/*!40103 SET TIME_ZONE='+00:00' */;
/*!40014 SET @OLD_UNIQUE_CHECKS=@@UNIQUE_CHECKS, UNIQUE_CHECKS=0 */;
/*!40014 SET @OLD_FOREIGN_KEY_CHECKS=@@FOREIGN_KEY_CHECKS, FOREIGN_KEY_CHECKS=0 */;
/*!40101 SET @OLD_SQL_MODE=@@SQL_MODE, SQL_MODE='NO_AUTO_VALUE_ON_ZERO' */;
/*!40111 SET @OLD_SQL_NOTES=@@SQL_NOTES, SQL_NOTES=0 */;

--
-- Dumping data for table `CardInfo`
--

LOCK TABLES `CardInfo` WRITE;
/*!40000 ALTER TABLE `CardInfo` DISABLE KEYS */;
INSERT INTO `CardInfo` VALUES ('5122250000000000','Gay','American Express','143','2019-04-22','Gay@yahoo.com');
INSERT INTO `CardInfo` VALUES ('5127750000000000','Cla','American Express','161','2019-04-12','Clarke@gmail.com');
INSERT INTO `CardInfo` VALUES ('5129010000000000','Fly','Visa','207','2019-04-17','Flynn@gmail.com');
INSERT INTO `CardInfo` VALUES ('5236490000000000','Fra','Mastercard','197','2019-04-18','Franklin@yahoo.com');
INSERT INTO `CardInfo` VALUES ('5248570000000000','Can','Visa','179','2019-04-10','Cannon@hotmail.com');
INSERT INTO `CardInfo` VALUES ('5256110000000000','Dic','Visa','217','2019-04-11','Dickerson@yahoo.com');
INSERT INTO `CardInfo` VALUES ('5326090000000000','Fit','American Express','158','2019-04-19','Fitzgerald@hotmail.com');
INSERT INTO `CardInfo` VALUES ('5338630000000000','Can','American Express','217','2019-04-09','Cantrell@gmail.com');
INSERT INTO `CardInfo` VALUES ('5382240000000000','Dej','Visa','220','2019-04-20','Dejesus@hotmail.com');
INSERT INTO `CardInfo` VALUES ('5382240000000000','Gay','Visa','220','2019-04-21','Gay@yahoo.com');
INSERT INTO `CardInfo` VALUES ('5391510000000000','Hor','Visa','140','2019-04-27','Horn@gmail.com');
INSERT INTO `CardInfo` VALUES ('5400380000000000','Har','Mastercard','218','2019-04-25','Hardy@gmail.com');
INSERT INTO `CardInfo` VALUES ('5400380000000000','Hur','Mastercard','218','2019-04-26','Hurst@yahoo.com');
INSERT INTO `CardInfo` VALUES ('5458960000000000','Ben','Mastercard','137','2019-04-07','Bennett@gmail.com');
INSERT INTO `CardInfo` VALUES ('5518990000000000','Fin','Visa','222','2019-04-24','Finley@yahoo.com');
INSERT INTO `CardInfo` VALUES ('5522320000000000','Cla','Visa','118','2019-04-13','Clarke@gmail.com');
INSERT INTO `CardInfo` VALUES ('5522320000000000','Dic','Visa','118','2019-04-14','Dickerson@yahoo.com');
INSERT INTO `CardInfo` VALUES ('5524250000000000','Bow','Visa','148','2019-04-06','Bowers@yahoo.com');
INSERT INTO `CardInfo` VALUES ('5527940000000000','Fer','Visa','152','2019-04-15','Ferguson@yahoo.com');
INSERT INTO `CardInfo` VALUES ('5540130000000000','Hol','Mastercard','124','2019-04-23','Holt@gmail.com');
INSERT INTO `CardInfo` VALUES ('5554010000000000','Cla','Mastercard','160','2019-04-08','Clarke@yahoo.com');
INSERT INTO `CardInfo` VALUES ('5564620000000000','And','Visa','201','2019-04-03','Anderson@hotmail.com');
INSERT INTO `CardInfo` VALUES ('5574650000000000','And','American Express','149','2019-04-04','Anderson@hotmail.com');
/*!40000 ALTER TABLE `CardInfo` ENABLE KEYS */;
UNLOCK TABLES;
/*!40103 SET TIME_ZONE=@OLD_TIME_ZONE */;

/*!40101 SET SQL_MODE=@OLD_SQL_MODE */;
/*!40014 SET FOREIGN_KEY_CHECKS=@OLD_FOREIGN_KEY_CHECKS */;
/*!40014 SET UNIQUE_CHECKS=@OLD_UNIQUE_CHECKS */;
/*!40101 SET CHARACTER_SET_CLIENT=@OLD_CHARACTER_SET_CLIENT */;
/*!40101 SET CHARACTER_SET_RESULTS=@OLD_CHARACTER_SET_RESULTS */;
/*!40101 SET COLLATION_CONNECTION=@OLD_COLLATION_CONNECTION */;
/*!40111 SET SQL_NOTES=@OLD_SQL_NOTES */;

-- Dump completed on 2019-10-28 21:05:37



-- MySQL dump 10.13  Distrib 8.0.17, for macos10.14 (x86_64)
--
-- Host: localhost    Database: myapp
-- ------------------------------------------------------
-- Server version	8.0.17

/*!40101 SET @OLD_CHARACTER_SET_CLIENT=@@CHARACTER_SET_CLIENT */;
/*!40101 SET @OLD_CHARACTER_SET_RESULTS=@@CHARACTER_SET_RESULTS */;
/*!40101 SET @OLD_COLLATION_CONNECTION=@@COLLATION_CONNECTION */;
/*!50503 SET NAMES utf8 */;
/*!40103 SET @OLD_TIME_ZONE=@@TIME_ZONE */;
/*!40103 SET TIME_ZONE='+00:00' */;
/*!40014 SET @OLD_UNIQUE_CHECKS=@@UNIQUE_CHECKS, UNIQUE_CHECKS=0 */;
/*!40014 SET @OLD_FOREIGN_KEY_CHECKS=@@FOREIGN_KEY_CHECKS, FOREIGN_KEY_CHECKS=0 */;
/*!40101 SET @OLD_SQL_MODE=@@SQL_MODE, SQL_MODE='NO_AUTO_VALUE_ON_ZERO' */;
/*!40111 SET @OLD_SQL_NOTES=@@SQL_NOTES, SQL_NOTES=0 */;

--
-- Dumping data for table `Admin`
--

LOCK TABLES `Admin` WRITE;
/*!40000 ALTER TABLE `Admin` DISABLE KEYS */;
INSERT INTO `Admin` VALUES ('Amy@gmail.com','Amy','Marketing','View only','WRF76HJI8QV');
INSERT INTO `Admin` VALUES ('Imelda@gmail.com','Imelda','IT','SELECT,INSERT,UPDATE,DELETE,add/remove Admin','QVF64FVP9HQ');
INSERT INTO `Admin` VALUES ('Isabella@gmail.com','Isabella','Marketing','View only','PQP34CTM0EK');
INSERT INTO `Admin` VALUES ('Jenette@gmail.com','Jenette','Finance','View only','KAB81ZEW2BQ');
INSERT INTO `Admin` VALUES ('Kiara@gmail.com','Kiara','IT','SELECT,INSERT,UPDATE,DELETE,add/remove Admin','IFN46SGD9ZP');
/*!40000 ALTER TABLE `Admin` ENABLE KEYS */;
UNLOCK TABLES;
/*!40103 SET TIME_ZONE=@OLD_TIME_ZONE */;

/*!40101 SET SQL_MODE=@OLD_SQL_MODE */;
/*!40014 SET FOREIGN_KEY_CHECKS=@OLD_FOREIGN_KEY_CHECKS */;
/*!40014 SET UNIQUE_CHECKS=@OLD_UNIQUE_CHECKS */;
/*!40101 SET CHARACTER_SET_CLIENT=@OLD_CHARACTER_SET_CLIENT */;
/*!40101 SET CHARACTER_SET_RESULTS=@OLD_CHARACTER_SET_RESULTS */;
/*!40101 SET COLLATION_CONNECTION=@OLD_COLLATION_CONNECTION */;
/*!40111 SET SQL_NOTES=@OLD_SQL_NOTES */;

-- Dump completed on 2019-10-28 21:05:38



-- MySQL dump 10.13  Distrib 8.0.17, for macos10.14 (x86_64)
--
-- Host: localhost    Database: myapp
-- ------------------------------------------------------
-- Server version	8.0.17

/*!40101 SET @OLD_CHARACTER_SET_CLIENT=@@CHARACTER_SET_CLIENT */;
/*!40101 SET @OLD_CHARACTER_SET_RESULTS=@@CHARACTER_SET_RESULTS */;
/*!40101 SET @OLD_COLLATION_CONNECTION=@@COLLATION_CONNECTION */;
/*!50503 SET NAMES utf8 */;
/*!40103 SET @OLD_TIME_ZONE=@@TIME_ZONE */;
/*!40103 SET TIME_ZONE='+00:00' */;
/*!40014 SET @OLD_UNIQUE_CHECKS=@@UNIQUE_CHECKS, UNIQUE_CHECKS=0 */;
/*!40014 SET @OLD_FOREIGN_KEY_CHECKS=@@FOREIGN_KEY_CHECKS, FOREIGN_KEY_CHECKS=0 */;
/*!40101 SET @OLD_SQL_MODE=@@SQL_MODE, SQL_MODE='NO_AUTO_VALUE_ON_ZERO' */;
/*!40111 SET @OLD_SQL_NOTES=@@SQL_NOTES, SQL_NOTES=0 */;

--
-- Dumping data for table `Update`
--

LOCK TABLES `Update` WRITE;
/*!40000 ALTER TABLE `Update` DISABLE KEYS */;
INSERT INTO `Update` VALUES ('Imelda@gmail.com','9780604021175','2017-10-09 15:57:00');
INSERT INTO `Update` VALUES ('Imelda@gmail.com','9782006248556','2017-10-11 15:57:00');
INSERT INTO `Update` VALUES ('Imelda@gmail.com','9782525147989','2020-09-03 03:47:00');
INSERT INTO `Update` VALUES ('Kiara@gmail.com','9783371102252','2017-10-08 15:57:00');
INSERT INTO `Update` VALUES ('Kiara@gmail.com','9783815346365','2017-10-12 15:57:00');
INSERT INTO `Update` VALUES ('Imelda@gmail.com','9786000190415','2017-10-17 15:57:00');
INSERT INTO `Update` VALUES ('Imelda@gmail.com','9788002331780','2017-10-15 15:57:00');
INSERT INTO `Update` VALUES ('Kiara@gmail.com','9788531243448','2017-10-16 15:57:00');
INSERT INTO `Update` VALUES ('Imelda@gmail.com','9788547483647','2017-10-13 15:57:00');
INSERT INTO `Update` VALUES ('Kiara@gmail.com','9788604558967','2017-10-14 15:57:00');
INSERT INTO `Update` VALUES ('Kiara@gmail.com','9789052359533','2017-10-10 15:57:00');
INSERT INTO `Update` VALUES ('Kiara@gmail.com','9789273457056','2019-03-09 18:16:00');
/*!40000 ALTER TABLE `Update` ENABLE KEYS */;
UNLOCK TABLES;
/*!40103 SET TIME_ZONE=@OLD_TIME_ZONE */;

/*!40101 SET SQL_MODE=@OLD_SQL_MODE */;
/*!40014 SET FOREIGN_KEY_CHECKS=@OLD_FOREIGN_KEY_CHECKS */;
/*!40014 SET UNIQUE_CHECKS=@OLD_UNIQUE_CHECKS */;
/*!40101 SET CHARACTER_SET_CLIENT=@OLD_CHARACTER_SET_CLIENT */;
/*!40101 SET CHARACTER_SET_RESULTS=@OLD_CHARACTER_SET_RESULTS */;
/*!40101 SET COLLATION_CONNECTION=@OLD_COLLATION_CONNECTION */;
/*!40111 SET SQL_NOTES=@OLD_SQL_NOTES */;

-- Dump completed on 2019-10-28 21:05:39



-- MySQL dump 10.13  Distrib 8.0.17, for macos10.14 (x86_64)
--
-- Host: localhost    Database: myapp
-- ------------------------------------------------------
-- Server version	8.0.17

/*!40101 SET @OLD_CHARACTER_SET_CLIENT=@@CHARACTER_SET_CLIENT */;
/*!40101 SET @OLD_CHARACTER_SET_RESULTS=@@CHARACTER_SET_RESULTS */;
/*!40101 SET @OLD_COLLATION_CONNECTION=@@COLLATION_CONNECTION */;
/*!50503 SET NAMES utf8 */;
/*!40103 SET @OLD_TIME_ZONE=@@TIME_ZONE */;
/*!40103 SET TIME_ZONE='+00:00' */;
/*!40014 SET @OLD_UNIQUE_CHECKS=@@UNIQUE_CHECKS, UNIQUE_CHECKS=0 */;
/*!40014 SET @OLD_FOREIGN_KEY_CHECKS=@@FOREIGN_KEY_CHECKS, FOREIGN_KEY_CHECKS=0 */;
/*!40101 SET @OLD_SQL_MODE=@@SQL_MODE, SQL_MODE='NO_AUTO_VALUE_ON_ZERO' */;
/*!40111 SET @OLD_SQL_NOTES=@@SQL_NOTES, SQL_NOTES=0 */;

--
-- Dumping data for table `Genre`
--

LOCK TABLES `Genre` WRITE;
/*!40000 ALTER TABLE `Genre` DISABLE KEYS */;
INSERT INTO `Genre` VALUES (1,'Arts & Photography');
INSERT INTO `Genre` VALUES (2,'Biography');
INSERT INTO `Genre` VALUES (3,'Business');
INSERT INTO `Genre` VALUES (4,'Children\'s Books');
INSERT INTO `Genre` VALUES (5,'Comics & Graphic Novels');
INSERT INTO `Genre` VALUES (6,'Computing & Internet');
INSERT INTO `Genre` VALUES (7,'Crime, Thrillers & Mystery');
INSERT INTO `Genre` VALUES (8,'Engineering Science');
INSERT INTO `Genre` VALUES (9,'Family & Lifestyle');
INSERT INTO `Genre` VALUES (10,'Fiction');
INSERT INTO `Genre` VALUES (11,'Food & Drink');
INSERT INTO `Genre` VALUES (12,'Health, Family & Lifestyle');
INSERT INTO `Genre` VALUES (13,'History');
INSERT INTO `Genre` VALUES (14,'Home & Garden');
INSERT INTO `Genre` VALUES (15,'Humour & Entertainment');
INSERT INTO `Genre` VALUES (16,'Law');
INSERT INTO `Genre` VALUES (17,'Medicine & Nursing');
INSERT INTO `Genre` VALUES (18,'Reference');
INSERT INTO `Genre` VALUES (19,'Religion & Spirituality');
INSERT INTO `Genre` VALUES (20,'Romance');
INSERT INTO `Genre` VALUES (21,'Science & Nature');
INSERT INTO `Genre` VALUES (22,'Society, Politics & Philosophy');
INSERT INTO `Genre` VALUES (23,'Sports');
INSERT INTO `Genre` VALUES (24,'Travel & Holiday');
INSERT INTO `Genre` VALUES (25,'Adventure Stories & Action');
INSERT INTO `Genre` VALUES (26,'Ancient & Medieval');
INSERT INTO `Genre` VALUES (27,'Classics');
INSERT INTO `Genre` VALUES (28,'Contemporary Fiction');
INSERT INTO `Genre` VALUES (29,'Drama');
INSERT INTO `Genre` VALUES (30,'Essays, Journals & Letters');
INSERT INTO `Genre` VALUES (31,'Historical');
INSERT INTO `Genre` VALUES (32,'Humour');
INSERT INTO `Genre` VALUES (33,'Literary Fiction');
INSERT INTO `Genre` VALUES (34,'Poetry');
INSERT INTO `Genre` VALUES (35,'Short Stories & Anthologies');
/*!40000 ALTER TABLE `Genre` ENABLE KEYS */;
UNLOCK TABLES;
/*!40103 SET TIME_ZONE=@OLD_TIME_ZONE */;

/*!40101 SET SQL_MODE=@OLD_SQL_MODE */;
/*!40014 SET FOREIGN_KEY_CHECKS=@OLD_FOREIGN_KEY_CHECKS */;
/*!40014 SET UNIQUE_CHECKS=@OLD_UNIQUE_CHECKS */;
/*!40101 SET CHARACTER_SET_CLIENT=@OLD_CHARACTER_SET_CLIENT */;
/*!40101 SET CHARACTER_SET_RESULTS=@OLD_CHARACTER_SET_RESULTS */;
/*!40101 SET COLLATION_CONNECTION=@OLD_COLLATION_CONNECTION */;
/*!40111 SET SQL_NOTES=@OLD_SQL_NOTES */;

-- Dump completed on 2019-10-28 21:05:37



-- MySQL dump 10.13  Distrib 8.0.17, for macos10.14 (x86_64)
--
-- Host: localhost    Database: myapp
-- ------------------------------------------------------
-- Server version	8.0.17

/*!40101 SET @OLD_CHARACTER_SET_CLIENT=@@CHARACTER_SET_CLIENT */;
/*!40101 SET @OLD_CHARACTER_SET_RESULTS=@@CHARACTER_SET_RESULTS */;
/*!40101 SET @OLD_COLLATION_CONNECTION=@@COLLATION_CONNECTION */;
/*!50503 SET NAMES utf8 */;
/*!40103 SET @OLD_TIME_ZONE=@@TIME_ZONE */;
/*!40103 SET TIME_ZONE='+00:00' */;
/*!40014 SET @OLD_UNIQUE_CHECKS=@@UNIQUE_CHECKS, UNIQUE_CHECKS=0 */;
/*!40014 SET @OLD_FOREIGN_KEY_CHECKS=@@FOREIGN_KEY_CHECKS, FOREIGN_KEY_CHECKS=0 */;
/*!40101 SET @OLD_SQL_MODE=@@SQL_MODE, SQL_MODE='NO_AUTO_VALUE_ON_ZERO' */;
/*!40111 SET @OLD_SQL_NOTES=@@SQL_NOTES, SQL_NOTES=0 */;

--
-- Dumping data for table `Product`
--

LOCK TABLES `Product` WRITE;
/*!40000 ALTER TABLE `Product` DISABLE KEYS */;
INSERT INTO `Product` VALUES ('9780133092851','Sense and Sensibility','Audio','Random House LLC','2019-10-21','German','Lorem ipsum dolor sit amet, consectetur adipiscing elit, sed do eiusmod tempor incididunt ut labore et dolore magna aliqua. Ut enim ad minim veniam, quis nostrud exercitation ullamco laboris nisi ut aliquip ex ea commodo consequat. Duis aute irure dolor in reprehenderit in voluptate velit esse cillum dolore eu fugiat nulla pariatur. Excepteur sint occaecat cupidatat non proident, sunt in culpa qui officia deserunt mollit anim id est laborum',356,5,2021,7.00,'456','Jane Austen',10);
INSERT INTO `Product` VALUES ('9780604021175','The Testaments: The Sequel to The Handmaid\'s Tale','E-read','Random House LLC','2019-10-09','English','Lorem ipsum dolor sit amet, consectetur adipiscing elit, sed do eiusmod tempor incididunt ut labore et dolore magna aliqua. Ut enim ad minim veniam, quis nostrud exercitation ullamco laboris nisi ut aliquip ex ea commodo consequat. Duis aute irure dolor in reprehenderit in voluptate velit esse cillum dolore eu fugiat nulla pariatur. Excepteur sint occaecat cupidatat non proident, sunt in culpa qui officia deserunt mollit anim id est laborum',398,4,1489,13.00,'2085','Margaret Atwood',29);
INSERT INTO `Product` VALUES ('9781861678065','Sapiens: A Brief History of Humankind','Audio','HarperAudio','2019-10-17','English','Lorem ipsum dolor sit amet, consectetur adipiscing elit, sed do eiusmod tempor incididunt ut labore et dolore magna aliqua. Ut enim ad minim veniam, quis nostrud exercitation ullamco laboris nisi ut aliquip ex ea commodo consequat. Duis aute irure dolor in reprehenderit in voluptate velit esse cillum dolore eu fugiat nulla pariatur. Excepteur sint occaecat cupidatat non proident, sunt in culpa qui officia deserunt mollit anim id est laborum',640,5,200,17.00,'743','Yuval Noah Harari',35);
INSERT INTO `Product` VALUES ('9782006248556','Les Testaments','Audio','Scribner','2019-10-10','French','Lorem ipsum dolor sit amet, consectetur adipiscing elit, sed do eiusmod tempor incididunt ut labore et dolore magna aliqua. Ut enim ad minim veniam, quis nostrud exercitation ullamco laboris nisi ut aliquip ex ea commodo consequat. Duis aute irure dolor in reprehenderit in voluptate velit esse cillum dolore eu fugiat nulla pariatur. Excepteur sint occaecat cupidatat non proident, sunt in culpa qui officia deserunt mollit anim id est laborum',600,3,243,7.00,'467','Margaret Atwood',25);
INSERT INTO `Product` VALUES ('9782525147989','Harry Potter and the Deathly Hallows','E-read','Pottermore Publishing','2019-10-31','English','Lorem ipsum dolor sit amet, consectetur adipiscing elit, sed do eiusmod tempor incididunt ut labore et dolore magna aliqua. Ut enim ad minim veniam, quis nostrud exercitation ullamco laboris nisi ut aliquip ex ea commodo consequat. Duis aute irure dolor in reprehenderit in voluptate velit esse cillum dolore eu fugiat nulla pariatur. Excepteur sint occaecat cupidatat non proident, sunt in culpa qui officia deserunt mollit anim id est laborum',852,5,110012,14.00,'8234','J.K. Rowling',7);
INSERT INTO `Product` VALUES ('9782531237681','Pride and Prejudice','E-read','Penguin Press','2019-10-20','English','Lorem ipsum dolor sit amet, consectetur adipiscing elit, sed do eiusmod tempor incididunt ut labore et dolore magna aliqua. Ut enim ad minim veniam, quis nostrud exercitation ullamco laboris nisi ut aliquip ex ea commodo consequat. Duis aute irure dolor in reprehenderit in voluptate velit esse cillum dolore eu fugiat nulla pariatur. Excepteur sint occaecat cupidatat non proident, sunt in culpa qui officia deserunt mollit anim id est laborum',300,4,1001,9.00,'3240','Jane Austen',32);
INSERT INTO `Product` VALUES ('9783371102252','The Testaments: The Sequel to The Handmaid\'s Tale','Audio','Random House Audio','2019-10-09','English','Lorem ipsum dolor sit amet, consectetur adipiscing elit, sed do eiusmod tempor incididunt ut labore et dolore magna aliqua. Ut enim ad minim veniam, quis nostrud exercitation ullamco laboris nisi ut aliquip ex ea commodo consequat. Duis aute irure dolor in reprehenderit in voluptate velit esse cillum dolore eu fugiat nulla pariatur. Excepteur sint occaecat cupidatat non proident, sunt in culpa qui officia deserunt mollit anim id est laborum',400,4,427,11.00,'200','Margaret Atwood',13);
INSERT INTO `Product` VALUES ('9783815346365','Shoe Dog: A Memoir by the Creator of Nike','E-read','Scribner','2019-10-11','English','Lorem ipsum dolor sit amet, consectetur adipiscing elit, sed do eiusmod tempor incididunt ut labore et dolore magna aliqua. Ut enim ad minim veniam, quis nostrud exercitation ullamco laboris nisi ut aliquip ex ea commodo consequat. Duis aute irure dolor in reprehenderit in voluptate velit esse cillum dolore eu fugiat nulla pariatur. Excepteur sint occaecat cupidatat non proident, sunt in culpa qui officia deserunt mollit anim id est laborum',401,3,999,7.00,'1097','Phil Knight',30);
INSERT INTO `Product` VALUES ('9784595356469','Swing Time','E-read','Penguin Press','2019-10-22','English','Lorem ipsum dolor sit amet, consectetur adipiscing elit, sed do eiusmod tempor incididunt ut labore et dolore magna aliqua. Ut enim ad minim veniam, quis nostrud exercitation ullamco laboris nisi ut aliquip ex ea commodo consequat. Duis aute irure dolor in reprehenderit in voluptate velit esse cillum dolore eu fugiat nulla pariatur. Excepteur sint occaecat cupidatat non proident, sunt in culpa qui officia deserunt mollit anim id est laborum',565,5,37900,8.00,'7689','Zadie Smith',4);
INSERT INTO `Product` VALUES ('9785448223990','Wuthering Heights','Audio','HarperAudio','2019-10-19','English','Lorem ipsum dolor sit amet, consectetur adipiscing elit, sed do eiusmod tempor incididunt ut labore et dolore magna aliqua. Ut enim ad minim veniam, quis nostrud exercitation ullamco laboris nisi ut aliquip ex ea commodo consequat. Duis aute irure dolor in reprehenderit in voluptate velit esse cillum dolore eu fugiat nulla pariatur. Excepteur sint occaecat cupidatat non proident, sunt in culpa qui officia deserunt mollit anim id est laborum',732,3,987,21.00,'1202','Emily Bronte',12);
INSERT INTO `Product` VALUES ('9786000190415','Harry Potter and the Order of the Phoenix','E-read','Pottermore Publishing','2019-10-29','English','Lorem ipsum dolor sit amet, consectetur adipiscing elit, sed do eiusmod tempor incididunt ut labore et dolore magna aliqua. Ut enim ad minim veniam, quis nostrud exercitation ullamco laboris nisi ut aliquip ex ea commodo consequat. Duis aute irure dolor in reprehenderit in voluptate velit esse cillum dolore eu fugiat nulla pariatur. Excepteur sint occaecat cupidatat non proident, sunt in culpa qui officia deserunt mollit anim id est laborum',723,5,81502,14.00,'7000','J.K. Rowling',21);
INSERT INTO `Product` VALUES ('9786792254357','Essential Bukowski: Poetry','E-read','Ecco','2019-10-15','English','Lorem ipsum dolor sit amet, consectetur adipiscing elit, sed do eiusmod tempor incididunt ut labore et dolore magna aliqua. Ut enim ad minim veniam, quis nostrud exercitation ullamco laboris nisi ut aliquip ex ea commodo consequat. Duis aute irure dolor in reprehenderit in voluptate velit esse cillum dolore eu fugiat nulla pariatur. Excepteur sint occaecat cupidatat non proident, sunt in culpa qui officia deserunt mollit anim id est laborum',100,3,752,12.00,'602','Charles Bukowski',12);
INSERT INTO `Product` VALUES ('9787015642777','Post Office: A Novel','E-read','Ecco','2019-10-14','English','Lorem ipsum dolor sit amet, consectetur adipiscing elit, sed do eiusmod tempor incididunt ut labore et dolore magna aliqua. Ut enim ad minim veniam, quis nostrud exercitation ullamco laboris nisi ut aliquip ex ea commodo consequat. Duis aute irure dolor in reprehenderit in voluptate velit esse cillum dolore eu fugiat nulla pariatur. Excepteur sint occaecat cupidatat non proident, sunt in culpa qui officia deserunt mollit anim id est laborum',162,5,27892,12.00,'683','Charles Bukowski',15);
INSERT INTO `Product` VALUES ('9787664651120','Principles: Life and Work','Audio','Simon & Schuster Audio','2019-10-13','English','Lorem ipsum dolor sit amet, consectetur adipiscing elit, sed do eiusmod tempor incididunt ut labore et dolore magna aliqua. Ut enim ad minim veniam, quis nostrud exercitation ullamco laboris nisi ut aliquip ex ea commodo consequat. Duis aute irure dolor in reprehenderit in voluptate velit esse cillum dolore eu fugiat nulla pariatur. Excepteur sint occaecat cupidatat non proident, sunt in culpa qui officia deserunt mollit anim id est laborum',340,3,374,20.00,'324','Ray Dalio',3);
INSERT INTO `Product` VALUES ('9788002331780','Harry Potter and the Prisoner of Azkaban','E-read','Pottermore Publishing','2019-10-27','English','Lorem ipsum dolor sit amet, consectetur adipiscing elit, sed do eiusmod tempor incididunt ut labore et dolore magna aliqua. Ut enim ad minim veniam, quis nostrud exercitation ullamco laboris nisi ut aliquip ex ea commodo consequat. Duis aute irure dolor in reprehenderit in voluptate velit esse cillum dolore eu fugiat nulla pariatur. Excepteur sint occaecat cupidatat non proident, sunt in culpa qui officia deserunt mollit anim id est laborum',473,5,67908,14.00,'5013','J.K. Rowling',28);
INSERT INTO `Product` VALUES ('9788215103358','Harry Potter and the Philosopher\'s Stone','E-read','Pottermore Publishing','2019-10-25','English','Lorem ipsum dolor sit amet, consectetur adipiscing elit, sed do eiusmod tempor incididunt ut labore et dolore magna aliqua. Ut enim ad minim veniam, quis nostrud exercitation ullamco laboris nisi ut aliquip ex ea commodo consequat. Duis aute irure dolor in reprehenderit in voluptate velit esse cillum dolore eu fugiat nulla pariatur. Excepteur sint occaecat cupidatat non proident, sunt in culpa qui officia deserunt mollit anim id est laborum',532,5,50123,14.00,'7809','J.K. Rowling',15);
INSERT INTO `Product` VALUES ('9788225930074','White Teeth','Audio','Random House Audio','2019-10-24','French','Lorem ipsum dolor sit amet, consectetur adipiscing elit, sed do eiusmod tempor incididunt ut labore et dolore magna aliqua. Ut enim ad minim veniam, quis nostrud exercitation ullamco laboris nisi ut aliquip ex ea commodo consequat. Duis aute irure dolor in reprehenderit in voluptate velit esse cillum dolore eu fugiat nulla pariatur. Excepteur sint occaecat cupidatat non proident, sunt in culpa qui officia deserunt mollit anim id est laborum',560,3,2000,13.00,'2934','Zadie Smith',25);
INSERT INTO `Product` VALUES ('9788531243448','Harry Potter and the Goblet of Fire','E-read','Pottermore Publishing','2019-10-28','English','Lorem ipsum dolor sit amet, consectetur adipiscing elit, sed do eiusmod tempor incididunt ut labore et dolore magna aliqua. Ut enim ad minim veniam, quis nostrud exercitation ullamco laboris nisi ut aliquip ex ea commodo consequat. Duis aute irure dolor in reprehenderit in voluptate velit esse cillum dolore eu fugiat nulla pariatur. Excepteur sint occaecat cupidatat non proident, sunt in culpa qui officia deserunt mollit anim id est laborum',633,5,72613,14.00,'6017','J.K. Rowling',25);
INSERT INTO `Product` VALUES ('9788547483647','Shoe Dog: A Memoir by the Creator of Nike','Audio','Simon & Schuster Audio','2019-10-12','English','Lorem ipsum dolor sit amet, consectetur adipiscing elit, sed do eiusmod tempor incididunt ut labore et dolore magna aliqua. Ut enim ad minim veniam, quis nostrud exercitation ullamco laboris nisi ut aliquip ex ea commodo consequat. Duis aute irure dolor in reprehenderit in voluptate velit esse cillum dolore eu fugiat nulla pariatur. Excepteur sint occaecat cupidatat non proident, sunt in culpa qui officia deserunt mollit anim id est laborum',494,2,198,16.00,'1050','Phil Knight',3);
INSERT INTO `Product` VALUES ('9788604558967','Harry Potter and the Chamber of Secrets','E-read','Pottermore Publishing','2019-10-26','English','Lorem ipsum dolor sit amet, consectetur adipiscing elit, sed do eiusmod tempor incididunt ut labore et dolore magna aliqua. Ut enim ad minim veniam, quis nostrud exercitation ullamco laboris nisi ut aliquip ex ea commodo consequat. Duis aute irure dolor in reprehenderit in voluptate velit esse cillum dolore eu fugiat nulla pariatur. Excepteur sint occaecat cupidatat non proident, sunt in culpa qui officia deserunt mollit anim id est laborum',647,5,54639,14.00,'6000','J.K. Rowling',2);
INSERT INTO `Product` VALUES ('9788608365981','Americanah','E-read','Scribner','2019-10-23','English','Lorem ipsum dolor sit amet, consectetur adipiscing elit, sed do eiusmod tempor incididunt ut labore et dolore magna aliqua. Ut enim ad minim veniam, quis nostrud exercitation ullamco laboris nisi ut aliquip ex ea commodo consequat. Duis aute irure dolor in reprehenderit in voluptate velit esse cillum dolore eu fugiat nulla pariatur. Excepteur sint occaecat cupidatat non proident, sunt in culpa qui officia deserunt mollit anim id est laborum',134,4,2000,6.00,'2000','Chimamanda Ngozi Adichie',9);
INSERT INTO `Product` VALUES ('9788939682047','Grand Union: Stories','E-read','Penguin Press','2019-10-18','German','Lorem ipsum dolor sit amet, consectetur adipiscing elit, sed do eiusmod tempor incididunt ut labore et dolore magna aliqua. Ut enim ad minim veniam, quis nostrud exercitation ullamco laboris nisi ut aliquip ex ea commodo consequat. Duis aute irure dolor in reprehenderit in voluptate velit esse cillum dolore eu fugiat nulla pariatur. Excepteur sint occaecat cupidatat non proident, sunt in culpa qui officia deserunt mollit anim id est laborum',328,2,100,19.00,'4590','Zadie Smith',10);
INSERT INTO `Product` VALUES ('9789052359533','The Handmaid\'s Tale','E-read','Houghton Mifflin Harcourt','2019-10-10','English','Lorem ipsum dolor sit amet, consectetur adipiscing elit, sed do eiusmod tempor incididunt ut labore et dolore magna aliqua. Ut enim ad minim veniam, quis nostrud exercitation ullamco laboris nisi ut aliquip ex ea commodo consequat. Duis aute irure dolor in reprehenderit in voluptate velit esse cillum dolore eu fugiat nulla pariatur. Excepteur sint occaecat cupidatat non proident, sunt in culpa qui officia deserunt mollit anim id est laborum',205,4,15098,8.00,'2746','Margaret Atwood',2);
INSERT INTO `Product` VALUES ('9789273457056','Harry Potter and the Half-Blood Prince','E-read','Pottermore Publishing','2019-10-30','English','Lorem ipsum dolor sit amet, consectetur adipiscing elit, sed do eiusmod tempor incididunt ut labore et dolore magna aliqua. Ut enim ad minim veniam, quis nostrud exercitation ullamco laboris nisi ut aliquip ex ea commodo consequat. Duis aute irure dolor in reprehenderit in voluptate velit esse cillum dolore eu fugiat nulla pariatur. Excepteur sint occaecat cupidatat non proident, sunt in culpa qui officia deserunt mollit anim id est laborum',694,5,100000,14.00,'5789','J.K. Rowling',24);
INSERT INTO `Product` VALUES ('9789556899795','Sapiens: A Brief History of Humankind','E-read','Harper Perennial','2019-10-16','English','Lorem ipsum dolor sit amet, consectetur adipiscing elit, sed do eiusmod tempor incididunt ut labore et dolore magna aliqua. Ut enim ad minim veniam, quis nostrud exercitation ullamco laboris nisi ut aliquip ex ea commodo consequat. Duis aute irure dolor in reprehenderit in voluptate velit esse cillum dolore eu fugiat nulla pariatur. Excepteur sint occaecat cupidatat non proident, sunt in culpa qui officia deserunt mollit anim id est laborum',469,5,1000,14.00,'33766','Yuval Noah Harari',34);
/*!40000 ALTER TABLE `Product` ENABLE KEYS */;
UNLOCK TABLES;
/*!40103 SET TIME_ZONE=@OLD_TIME_ZONE */;

/*!40101 SET SQL_MODE=@OLD_SQL_MODE */;
/*!40014 SET FOREIGN_KEY_CHECKS=@OLD_FOREIGN_KEY_CHECKS */;
/*!40014 SET UNIQUE_CHECKS=@OLD_UNIQUE_CHECKS */;
/*!40101 SET CHARACTER_SET_CLIENT=@OLD_CHARACTER_SET_CLIENT */;
/*!40101 SET CHARACTER_SET_RESULTS=@OLD_CHARACTER_SET_RESULTS */;
/*!40101 SET COLLATION_CONNECTION=@OLD_COLLATION_CONNECTION */;
/*!40111 SET SQL_NOTES=@OLD_SQL_NOTES */;

-- Dump completed on 2019-10-28 21:05:39



-- MySQL dump 10.13  Distrib 8.0.17, for macos10.14 (x86_64)
--
-- Host: localhost    Database: myapp
-- ------------------------------------------------------
-- Server version	8.0.17

/*!40101 SET @OLD_CHARACTER_SET_CLIENT=@@CHARACTER_SET_CLIENT */;
/*!40101 SET @OLD_CHARACTER_SET_RESULTS=@@CHARACTER_SET_RESULTS */;
/*!40101 SET @OLD_COLLATION_CONNECTION=@@COLLATION_CONNECTION */;
/*!50503 SET NAMES utf8 */;
/*!40103 SET @OLD_TIME_ZONE=@@TIME_ZONE */;
/*!40103 SET TIME_ZONE='+00:00' */;
/*!40014 SET @OLD_UNIQUE_CHECKS=@@UNIQUE_CHECKS, UNIQUE_CHECKS=0 */;
/*!40014 SET @OLD_FOREIGN_KEY_CHECKS=@@FOREIGN_KEY_CHECKS, FOREIGN_KEY_CHECKS=0 */;
/*!40101 SET @OLD_SQL_MODE=@@SQL_MODE, SQL_MODE='NO_AUTO_VALUE_ON_ZERO' */;
/*!40111 SET @OLD_SQL_NOTES=@@SQL_NOTES, SQL_NOTES=0 */;

--
-- Dumping data for table `OrderDetail`
--

LOCK TABLES `OrderDetail` WRITE;
/*!40000 ALTER TABLE `OrderDetail` DISABLE KEYS */;
INSERT INTO `OrderDetail` VALUES (1,12.99,'2017-10-08 15:57:00','Acosta@hotmail.com','9783371102252');
INSERT INTO `OrderDetail` VALUES (2,24.68,'2017-10-08 16:00:00','Acosta@hotmail.com','9780604021175');
INSERT INTO `OrderDetail` VALUES (3,24.68,'2017-10-09 16:00:00','Arnold@hotmail.com','9780604021175');
INSERT INTO `OrderDetail` VALUES (4,22.06,'2017-10-10 16:00:00','Baker@hotmail.com','9789052359533');
INSERT INTO `OrderDetail` VALUES (5,21.66,'2017-10-11 16:00:00','Baker@hotmail.com','9782006248556');
INSERT INTO `OrderDetail` VALUES (6,15.65,'2017-10-12 16:00:00','Baker@hotmail.com','9783815346365');
INSERT INTO `OrderDetail` VALUES (7,12.99,'2017-10-13 16:00:00','Barr@gmail.com','9783371102252');
INSERT INTO `OrderDetail` VALUES (8,15.65,'2017-10-14 16:00:00','Barr@gmail.com','9783815346365');
INSERT INTO `OrderDetail` VALUES (9,15.65,'2017-10-15 16:00:00','Barr@gmail.com','9783815346365');
INSERT INTO `OrderDetail` VALUES (10,35.20,'2017-10-08 15:57:00','Bowers@yahoo.com','9788547483647');
INSERT INTO `OrderDetail` VALUES (11,11.13,'2019-03-09 18:16:00','Boyer@gmail.com','9787664651120');
INSERT INTO `OrderDetail` VALUES (12,23.66,'2020-09-03 03:47:00','Bridges@gmail.com','9787015642777');
INSERT INTO `OrderDetail` VALUES (13,12.99,'2020-09-03 16:00:00','Buchanan@gmail.com','9783371102252');
INSERT INTO `OrderDetail` VALUES (14,24.68,'2020-09-04 16:00:00','Cannon@hotmail.com','9780604021175');
INSERT INTO `OrderDetail` VALUES (15,35.26,'2020-09-05 16:00:00','Cantrell@gmail.com','9786792254357');
INSERT INTO `OrderDetail` VALUES (16,26.17,'2020-09-06 16:00:00','Cantrell@gmail.com','9789556899795');
INSERT INTO `OrderDetail` VALUES (17,33.40,'2020-09-07 16:00:00','Cantrell@gmail.com','9781861678065');
INSERT INTO `OrderDetail` VALUES (18,11.63,'2020-09-08 16:00:00','Cantrell@gmail.com','9788939682047');
INSERT INTO `OrderDetail` VALUES (19,36.06,'2020-09-09 16:00:00','Cantrell@gmail.com','9785448223990');
/*!40000 ALTER TABLE `OrderDetail` ENABLE KEYS */;
UNLOCK TABLES;
/*!40103 SET TIME_ZONE=@OLD_TIME_ZONE */;

/*!40101 SET SQL_MODE=@OLD_SQL_MODE */;
/*!40014 SET FOREIGN_KEY_CHECKS=@OLD_FOREIGN_KEY_CHECKS */;
/*!40014 SET UNIQUE_CHECKS=@OLD_UNIQUE_CHECKS */;
/*!40101 SET CHARACTER_SET_CLIENT=@OLD_CHARACTER_SET_CLIENT */;
/*!40101 SET CHARACTER_SET_RESULTS=@OLD_CHARACTER_SET_RESULTS */;
/*!40101 SET COLLATION_CONNECTION=@OLD_COLLATION_CONNECTION */;
/*!40111 SET SQL_NOTES=@OLD_SQL_NOTES */;

-- Dump completed on 2019-10-28 21:05:36
